epci_code,epci_nom,Nombre_Arretes
200054781,Métropole du Grand Paris,267
200067106,CA du Pays Basque,222
200054807,Métropole d Aix-Marseille-Provence,185
200072460,CA de Béthune-Bruay, Artois-Lys Romane,164
200066918,CA Alès Agglomération,144
200069037,CA du Pays de Saint-Omer,138
200090504,CA Coulommiers Pays de Brie,136
200035715,CA Carcassonne Agglo,117
200072031,CA de la Région de Château-Thierry,108
200073096,CA Arche Agglo,105
200073252,CC de la Castagniccia-Casinca,103
243000643,CA de Nîmes Métropole,99
200068757,CA d Épinal,97
200030195,Métropole Nice Côte d Azur,90
200056232,CA Communauté Paris-Saclay,89
200073344,CA Rambouillet Territoires,89
200068781,CA Valence Romans Agglo,87
243400017,Montpellier Méditerranée Métropole,86
200059889,CU Grand Paris Seine et Oise,85
200022986,CC du Grand Pic Saint-Loup,85
200039204,CC de Lacq-Orthez,81
200072544,CC des Deux Morin,80
246201016,CC du Pays de Lumbres,79
200034411,CC du Piémont Cévenol,78
200046977,Métropole de Lyon,77
240600585,CA de Sophia Antipolis,76
200040491,CC Porte de DrômArdèche,74
200069235,CC du Haut Pays du Montreuillois,72
244200770,Saint-Etienne Métropole,72
200068104,CA de la Provence Verte,71
200067213,CU du Grand Reims,70
200033181,CA Chartres Métropole,70
200044030,CC des 7 Vallées,69
200073138,CC Pasquale Paoli,68
200069672,CC du Ternois,68
200067205,CA du Cotentin,68
200096956,CA Agglomération dAgen,67
200068534,CC Terroir de Caux,67
248300493,CA Dracénie Provence Verdon Agglomération,67
200034692,CA du Gard Rhodanien,64
200084952,CU Le Havre Seine Métropole,63
200023414,Métropole Rouen Normandie,63
200057859,CA Cœur d Essonne Agglomération,61
200067288,CC du Béarn des Gaves,60
200071926,CC du Limouxin,60
200065886,CA Loire Forez Agglomération,60
200069029,CA des Deux Baies en Montreuillois,60
243000296,CC du Pays de Sommières,59
200069482,CC des Campagnes de l Artois,58
243400694,CC Vallée de l Hérault,56
243500741,CA Redon Agglomération,56
243500139,Rennes Métropole,55
200034379,CC Pays d Uzès,55
200069953,CC des Portes Euréliennes d Île-de-France,54
200040947,CC de Flandre Intérieure,54
200067296,CC du Nord Est Béarn,53
200065894,CC de Forez-Est,52
200034205,CC de la Costa Verde,52
200039857,CA du Pays de Grasse,51
243300316,Bordeaux Métropole,51
242600252,CC du Val de Drôme en Biovallée,51
241100593,CA Le Grand Narbonne,50
200067254,CA Pau Béarn Pyrénées,50
200058477,CA Val d Yerres Val de Seine,50
200071991,CC Retz-en-Valois,50
246500573,CC Aure Louron,49
200066124,CA Gaillac-Graulhet,49
200073419,CA du Puy-en-Velay,49
200015162,CC de l Oriente,48
200070811,CC Pyrénées Vallées des Gaves,48
200093201,Métropole Européenne de Lille,48
200068559,CC de l Ouest Vosgien,48
246200364,CA de Lens - Liévin,47
200069227,CC Pays Fort Sancerrois Val de Loire,47
200072635,CC Pyrénées Haut Garonnaises,47
200040459,CA Montélimar Agglomération,47
200071066,CA de Saint-Dié-des-Vosges,46
200058519,CA Saint Germain Boucles de Seine,45
200030674,CA Val de Garonne Agglomération,45
200089456,CA Seine-Eure,44
200072130,CA du Pays de Meaux,44
200077014,CA Vienne Condrieu,44
200036150,CC des Hauts du Val de Saône,44
243400819,CA Hérault-Méditerranée,44
246401756,CC Pays de Nay,43
249100074,CC du Pays de Limours (CCPL),43
200066884,CC Quercy Vert-Aveyron,42
200069847,CC Plateau de Caux,42
200069839,CC de la Côte d Albâtre,42
200055655,CA Roissy Pays de France,42
200071058,CC Les Avant-Monts,42
200018083,CC de Desvres-Samer,42
200068930,CC Fumel Vallée du Lot,41
243400520,CC du Pays de Lunel,41
200072478,CC Pays d Opale,41
248300543,Métropole Toulon-Provence-Méditerranée,41
200067981,CA Guingamp-Paimpol Agglomération de l Armor à l Argoat,40
200066785,CC de l Oust à Brocéliande,40
246200729,CA du Boulonnais,39
200039808,CC des Gorges de l Ardèche,39
200067999,CA du Beauvaisis,39
200070787,CC du Plateau de Lannemezan,38
241927201,CA Tulle Agglo,38
200071876,CA Saumur Val de Loire,37
248300550,CC Cœur du Var,37
200071413,CA Privas Centre Ardèche,37
200068773,CC des Vosges côté Sud Ouest,37
200040574,CC Beaujolais Pierres Dorées,36
200072643,CC Cœur et Coteaux du Comminges,36
200040202,CC Provence Verdon,36
200067239,CC des Luys en Béarn,36
200033579,CU d Arras,36
200071116,CA ECLA  (Espace Communautaire Lons Agglomération),35
200070845,CC Orne Lorraine Confluences,35
200039915,CA Cannes Pays de Lérins,34
248000747,CC du Pays du Coquelicot,34
200036077,CC du Golfe de Saint-Tropez,34
200068922,CC du Confluent et des Coteaux de Prayssas,34
200083392,CA Laval Agglomération,34
246000855,CC du Pays des Sources,34
240800862,CC des Crêtes Préardennaises,34
200035863,CC Région Lézignanaise, Corbières et Minervois,34
243400355,CC du Clermontais,34
200070977,CC du Grand Roye,34
200067973,CC Thelloise,33
200041879,CC Terres de Saône,33
200068948,CC Albret Communauté,33
200072015,CA Annonay Rhône Agglo,33
200065597,CU Caen la Mer,33
247800584,CA Versailles Grand Parc (CAVGP),33
200068666,CA de Saint-Dizier Der et Blaise,33
200042646,CC Grand Orb communauté de communes en Languedoc,33
244900015,CU Angers Loire Métropole,32
246400337,CC de la Vallée d Ossau,32
200068369,CC de Mirecourt Dompaire,32
244400404,Nantes Métropole,32
200066652,CC Grand Sud Tarn et Garonne,32
246000871,CC du Pays de Valois,31
200071884,CC Le Grand Charolais,31
246900625,CC du Pays de l Arbresle (CCPA),31
245400676,Métropole du Grand Nancy,31
200069961,CC du Grand Châteaudun,31
200044394,CC du Réolais en Sud Gironde,31
243000684,CC du Pont du Gard,31
247700065,CC du Pays de l Ourcq,30
200067163,CC Monts, Rance et Rougier,30
200010700,CA Caux Seine Agglo,30
246000772,CC des Deux Vallées,29
242200715,CC du Kreiz-Breizh (CCKB),29
248100158,CC du Sor et de l Agout,29
200043172,CA du Bassin de Brive,29
200033173,CC de la Haute Vallée de Chevreuse,29
200058360,CC entre Beauce et Perche,29
200041630,CA Ardenne Métropole,29
200070779,CC Brie des Rivières et Châteaux,29
200040277,CA Agglo du Pays de Dreux,29
200073120,CC Nebbiu - Conca d Oro,29
200070951,CC du Territoire Nord Picardie,29
200072312,CA Seine Normandie Agglomération,29
200069821,CA Fécamp Caux Littoral Agglomération,29
200042000,CC Bruyères-Vallons des Vosges,29
200073260,CC Sud Vendée Littoral,29
240200584,CC du Canton de Charly-sur-Marne,29
200023307,CA du Grand Villeneuvois,28
200071363,CA Vichy Communauté,28
200066769,CC Midi Corrézien,28
200066322,CC Terres des Confluences,28
200066413,CC Intercom Bernay Terres de Normandie,28
200073401,CC Mézenc-Loire-Meygal,28
200072007,CC de la Montagne d Ardèche,28
200042653,CC Sud-Hérault,28
200070589,CC de Seille et Grand Couronné,28
200043990,CC Vallons de Haute-Bretagne Communauté,28
200004802,CC du Pays de Fayence,27
200070092,CA du Libournais,27
200041721,CC de la Haute Comté,27
200068989,CA Dinan Agglomération,27
200070928,CC Terre de Picardie,27
200066371,CC Causses et Vallée de la Dordogne,27
200036523,CC des Bastides en Haut Agenais Périgord,27
200073104,CC de l Île-Rousse - Balagne,26
200069532,CA Lisieux Normandie,26
200067049,CC Spelunca-Liamone,26
243000569,CC Rhony, Vistre, Vidourle,26
200034056,CC du Lautrécois et du Pays d Agout,26
200066777,CC Ploërmel Communauté,26
200039832,CC Pays des Vans en Cévennes,26
243301397,CC du Fronsadais,26
200040418,CC du Pays de Serres en Quercy,26
240700864,CC du Rhône aux Gorges de l Ardèche,26
200066587,CC des Monts du Lyonnais,25
200070324,CC du Territoire de Lunéville à Baccarat,25
200066850,CC des Paysages de la Champagne,25
200043156,CC du Pays Rethélois,25
243400769,CA de Béziers-Méditerranée,25
200067429,CC Haut Nivernais-Val d Yonne,25
200071454,CA Evreux Portes de Normandie,25
200071579,CC Bresse Louhannaise Intercom,25
200041283,CC de la Plaine du Rhin,25
200067874,CA de Haguenau,25
246200844,CC de la Région d Audruicq,25
200034601,CC Causses Aigoual Cévennes,25
200072072,CA Territoires Vendômois,25
247100589,CA Le Grand Chalon,25
200035319,CA Estérel Côte d Azur Agglomération,25
200073245,CC du Bassin d Aubenas,25
200069300,CA Tarbes-Lourdes-Pyrénées,25
247700594,CA Marne et Gondoire,25
200070993,CA de la Baie de Somme,25
200035129,CC de Cèze Cévennes,25
200067262,CC du Haut Béarn,24
200069417,CC Pays d Orthe et Arrigans,24
200067965,CA de la Région de Compiègne et de la Basse Automne,24
200066355,CA Sète Agglopôle Méditerranée,24
200038958,CC de la Pieve de l Ornano et du Taravo,24
240700302,CC du Pays Beaume-Drobie,24
200036499,CC de Marana-Golo,24
200066926,CA Grand Auch Cœur de Gascogne,24
200090751,CA Grand Calais Terres et Mers,24
200040954,CC des Hauts de Flandre,24
200042943,CC du Cap Corse,24
243400736,CC des Cévennes Gangeoises et Suménoises,24
200071827,CA du Grand Angoulême,24
200042463,CC de la Montagne Noire,24
243000270,CC du Pays Viganais,23
247700339,CA Val d Europe Agglomération,23
248900334,CA du Grand Sénonais,23
200069615,CC Bresse Haute Seille,23
246200380,CC de la Terre des Deux Caps,23
200070308,CA Mâconnais Beaujolais Agglomération,23
200070514,CA du Grand Cognac,23
242500361,CU Grand Besançon Métropole,23
200070118,CC Val de Saône Centre,23
200070969,CC Avre Luce Noye,23
200042372,CC des Coteaux Arrats Gimone,23
248400251,CA du Grand Avignon (COGA),23
244200895,CC du Pilat Rhodanien,23
200040590,CA Villefranche Beaujolais Saône,22
247100290,CU Le Creusot Montceau-les-Mines,22
242101509,CC Rives de Saône,22
200071405,CC Ardèche Rhône Coiron,22
248200057,CC du Quercy Caussadais,22
200073146,CC Cagire Garonne Salat,22
248000531,CA Amiens Métropole,22
249100595,CC Le Dourdannais en Hurepoix (CCDH),22
241300375,CC Vallée des Baux-Alpilles (CC VBA),22
200035772,CC du Pays du Saintois,22
245614433,CC Pontivy Communauté,22
200070449,CC Inter-Caux-Vexin,22
200068815,CC Cœur de Garonne,22
200071017,CC des Terres d Auxois,22
200071298,CC des Terres du Lauragais,22
200039758,CC Avallon, Vézelay, Morvan,22
200071553,CC Loire Layon Aubance,22
200066348,CC du Minervois au Caroux,22
247800550,CC du Pays Houdanais (CCPH),22
248400053,CA Ventoux-Comtat-Venaissin (COVE),22
200034064,CC du Cordais et du Causse (4 C),21
200035087,CA Terre de Provence,21
200037059,CC de la Haute Somme (Combles - Péronne - Roisel),21
200067122,CC du Pays de Lafrançaise,21
200034635,CC du Kochersberg,21
200040566,CA de l Ouest Rhodanien,21
200042901,CC Drôme Sud Provence,21
243400488,CC La Domitienne,20
200070159,CC Cœur de Beauce,20
200090561,CC Vierzon-Sologne-Berry,20
200068294,CC des Deux Vallées Vertes,20
247600786,CA de la Région Dieppoise,20
243000593,CC de Petite Camargue,20
248000499,CC du Val de Somme,20
249710070,CA Grand Sud Caraïbe,20
243400470,CA du Pays de l Or,20
200069136,CC des Cévennes au Mont Lozère,20
200069458,CC des Vallées d Auge et du Merlerault,20
200041465,CC Val Eyrieux,20
200057958,CA Paris - Vallée de la Marne,20
200043396,CA Maubeuge Val de Sambre,20
200017341,CC Lodévois et Larzac,20
240800821,CC Ardenne, Rives de Meuse,20
200041960,CC Pévèle-Carembault,20
200065647,CA Pays de Montbéliard Agglomération,20
246000756,CC du Pays Noyonnais,20
200065787,CC de Pont-Audemer / Val de Risle,20
243100518,Toulouse Métropole,20
243301439,CC des Portes de l Entre-Deux-Mers,20
200018166,CC Le Grésivaudan,20
200016905,CC du Pays de Lamastre,20
242900744,CC Poher communauté,20
200071314,CC des Hauts-Tolosans,19
248200065,CC de la Lomagne Tarn-et-Garonnaise,19
243200607,CC Artagnan de Fezensac,19
200034270,CC du Pays de Barr,19
200033827,CC de Fium Orbu Castellu,19
200005957,CC de la Région de Rambervillers,19
200068567,CC Les Vals du Dauphiné,19
242900694,CA Quimperlé Communauté,19
200039931,CC Alpes d Azur,19
247700107,CC Pays de Montereau,19
240800920,CC de l Argonne Ardennaise,19
200071595,CC Arbois, Poligny, Salins, Cœur du Jura,19
200041887,CC du Val Marnaysien,19
200067916,CC Cœur de Loire,19
200067700,CC Sud Nivernais,19
200042497,CC Dombes Saône Vallée,19
245901160,CA Valenciennes Métropole,19
200067692,CC Tannay-Brinon-Corbigny,19
200072874,CC Val Briard,19
200066173,CC de Damvillers Spincourt,19
200058485,CA Val Parisis,19
241400878,CC Terre d Auge,19
200070829,CC Neste Barousse,19
249740077,CA CIVIS (Communauté Intercommunale des Villes Solidaires),18
200068658,CA de Chaumont,18
245900758,CC Flandre Lys,18
200027217,CC Sarlat-Périgord Noir,18
200033090,CC Plaines et Monts de France,18
248100430,CA de Castres Mazamet,18
243500667,CC Val d Ille-Aubigné,18
200067031,CC Côte Ouest Centre Manche,18
243200599,CC du Saves,18
200067155,CC Saint Affricain, Roquefort, Sept Vallons,18
200070407,CA Agglo Pays d Issoire,18
243700754,Tours Métropole Val de Loire,18
200069250,CA Troyes Champagne Métropole,18
243600319,CC Brenne - Val de Creuse,18
200071470,CC Entr Allier Besbre et Loire,18
244400552,CC du Pays d Ancenis,18
200067817,CC Saône-Beaujolais,18
200071892,CA du Saint-Quentinois,17
242900835,CA Morlaix Communauté,17
200066223,CC Arize Lèze,17
200070373,CC Loir-Lucé-Bercé,17
200066462,CC Interco Normandie Sud Eure,17
247600505,CC Campagne-de-Caux,17
200068955,CC Anjou Loir et Sarthe,17
245614417,CC Roi Morvan Communauté,17
200067643,CC Meurthe Mortagne Moselle,17
200000933,CC Sauldre et Sologne,17
242900561,CC de Haute Cornouaille,17
242900801,CA du Pays de Landerneau-Daoulas,17
200043693,CC Terre Lorraine du Longuyonnais,17
200066710,CC Cingal-Suisse Normande,17
200036473,CA de Saintes,17
200072320,CC Val de Gers,17
240600593,CC du Pays des Paillons,17
200085751,CC Entre Bièvre et Rhône,17
200068278,CC Berry Loire Puisaye,17
248200099,CA Grand Montauban,17
241800507,CA Bourges Plus,17
249100157,CC des Deux Vallées,16
247800618,CC Cœur d Yvelines,16
247600620,CC Yvetot Normandie,16
241000405,CC de la Région de Bar-sur-Aube,16
200068120,CA Quimper Bretagne Occidentale,16
200068229,CC des Baronnies en Drôme Provençale,16
200069409,CA Saint-Brieuc Armor Agglomération,16
245400601,CC du Bassin de Pompey,16
200070290,CC Coeur du Pays Haut,16
240600551,CA de la Riviera Française,16
200067247,CC Pleyben-Châteaulin-Porzay,16
249500109,CA de Cergy-Pontoise,16
249100546,CC du Val d Essonne (CCVE),16
200071538,CC Terres de Bresse,16
200070563,CC Terres Touloises,16
200034726,CC Bastides de Lomagne,16
200041168,CC de la Vallée de l Homme,16
200067684,CA Épernay, Coteaux et Plaine de Champagne,16
247000623,CC des Quatre Rivières,16
200033025,CA de Bar-le-Duc - Sud Meuse,16
200043081,CC Chinon, Vienne et Loire,16
200041523,CC de la Haute Saintonge,16
200041515,CC du Bassin de Pont-à-Mousson,16
245400171,CC Moselle et Madon,16
200059228,CA Grand Paris Sud Seine Essonne Sénart,16
200040558,CC Écueillé-Valençay,16
242000354,CA de Bastia,16
240700815,CC Berg et Coiron,16
242010056,CA du Pays Ajaccien,16
200068682,CC Terre d Eau,15
200068641,CA Le Muretain Agglo,15
200070662,CC Bretagne porte de Loire Communauté,15
248300394,CA Sud Sainte Baume,15
248200107,CC du Quercy Rouergue et des Gorges de l Aveyron,15
243200391,CC de la Lomagne Gersoise,15
243900420,CC du Val d Amour,15
200042174,CA Lorient Agglomération,15
242020105,CC de Calvi Balagne,15
246000566,CC du Plateau Picard,15
200006971,CC du Perche,15
200035202,CC Charlieu-Belmont,15
200068625,CC Alpes-Provence-Verdon - Sources de Lumière,15
241200567,CC de Millau Grands Causses,15
241400415,CC Cœur Côte Fleurie,15
200069599,CC rurales de l Entre-Deux-Mers,15
200041366,CC Rhône Crussol,15
245501259,CC du Pays de Montmédy,15
247000367,CC des Combes,15
200066827,CC du Pays de Honfleur-Beuzeville,15
242101434,CC du Pays Châtillonnais,15
242900751,CC du Pays de Landivisiau,14
200071223,CC Nièvre et Somme,14
200071983,CC Thiérache Sambre et Oise,14
200037133,CC du Provinois,14
200034700,CA Durance-Lubéron-Verdon Agglomération,14
244200630,CC du Pays entre Loire et Rhône,14
247200629,CC du Val de Sarthe,14
200040392,CA Le Grand Périgueux,14
200067346,CA Pornic Agglo Pays de Retz,14
241400514,CC du Pays de Falaise,14
246200299,CA d Hénin-Carvin,14
200040210,CC Lacs et Gorges du Verdon,14
243800984,CA du Pays Voironnais,14
200067460,CC Loudéac Communauté - Bretagne Centre,14
248200016,CC des Deux Rives,14
200034023,CC Tarn-Agout,14
200069581,CC Convergence Garonne,14
200067882,CC Bazois Loire Morvan,14
200072106,CC Adour Madiran,14
245300355,CC de l Ernée,14
200040905,CC Carmausin-Ségala,14
200027100,CC Méditerranée Porte des Maures,14
242852465,CC du Bonnevalais,13
248900938,CC du Jovinien,13
246000749,CC des Lisières de l Oise,13
200068468,CC des Pays de L Aigle,13
200069391,CA Lamballe Terre et Mer,13
200069383,CC Ouest Aveyron Communauté,13
200065928,CA Lannion-Trégor Communauté,13
240200634,CC des Portes de la Thiérache,13
200067478,CC Comtal Lot et Truyère,13
200066751,CC Xaintrie Val Dordogne,13
200069052,CA Grand Belfort,13
200069128,CC Mont Lozère,13
200068765,CC du Sisteronais-Buëch,13
244200622,CC des Monts du Pilat,13
200071181,CC Somme Sud-Ouest,13
200039642,CC Le Tonnerrois en Bourgogne,13
243301264,CC de Montesquieu,13
249100553,CC Entre Juine et Renarde (CCEJR),13
200071934,CC Pays de Fontenay-Vendée,13
200072056,CC Porte du Jura,13
247600588,CC des Villes Sœurs,13
200035731,CA Roannais Agglomération,13
200039865,Metz Métropole,13
200043321,CC du Pays de Mormal,13
200058782,CA de Saint-Quentin-en-Yvelines,13
200070936,CC Ponthieu-Marquenterre,13
200043974,CC du Sud Gironde,13
247000714,CC du Pays de Villersexel,13
241200641,CC Conques-Marcillac,13
248100737,CA de l Albigeois (C2A),12
200043776,CC Pyrénées Audoises,12
242504447,CC du Doubs Baumois,12
200069854,CU du Grand Poitiers,12
247700057,CA Melun Val de Seine,12
200041853,CC du Pays de Montbozon et du Chanois,12
200040251,CC Bassée-Montois,12
200040509,CC du Crestois et de Pays de Saillans Cœur de Drôme,12
248900896,CC Yonne Nord,12
248100497,CC Val 81,12
246000921,CC des Pays d Oise et d Halatte,12
200066116,CC Argonne-Meuse,12
200067130,CC de Puisaye-Forterre,12
200069177,CC Mond Arverne Communauté,12
200071587,CC Loches Sud Touraine,12
200067767,CC du Royans-Vercors,12
200072346,CA du Pays de Fontainebleau,12
200042729,CC de la Baie du Cotentin,12
200040624,CC Pays d Apt-Luberon,12
200066660,CC Saint-Flour Communauté,12
240200600,CC des Trois Rivières,12
200070316,CC Entre Arroux, Loire et Somme,12
200071868,CC des Vallées du Haut-Anjou,12
200066330,CC Terres du Haut Berry,12
200041150,CC Terrassonnais Haut Périgord Noir,12
247200090,CC du Pays Sabolien,12
245400759,CC du Pays du Sanon,12
200040681,CC Enclave des Papes-Pays de Grignan,12
243301454,CC Castillon/Pujols,12
200039824,CC Ardèche des Sources et Volcans,12
200040038,CC Saône Doubs Bresse,12
200035442,CC du Sud-Artois,12
245300389,CC du Bocage Mayennais,12
200068864,CC de la Mossig et du Vignoble,12
200069722,CC interrégionale Aumale - Blangy-sur-Bresle,12
240200477,CA GrandSoissons Agglomération,12
200066835,CC de Sézanne-Sud Ouest Marnais,12
249740085,CA du Sud,12
200070670,CC du Pays de Dol et de la Baie du Mont Saint-Michel,12
200071769,CC Picardie des Châteaux,12
246000764,CC de l Aire Cantilienne,11
240100883,CC de la Plaine de l Ain,11
200069144,CC des Hautes Terres de l Aubrac,11
249740101,CA Territoire de la Côte Ouest (TCO),11
243301249,CC Les Rives de la Laurence,11
200034833,CC des Bastides Dordogne-Périgord,11
200011781,CC Portes du Berry entre Loire et Val d Aubois,11
200067080,CC Chablis Villages et Terroirs,11
200067361,CC Grand-Figeac,11
246000913,CC du Pays de Bray,11
243500634,CC Roche aux Fées Communauté,11
200069003,CC du Barséquanais en Champagne,11
200068070,CC Loue-Lison,11
245701206,CC du Saulnois,11
200041788,CA du Pays Nord Martinique,11
200070142,CC Lyons Andelle,11
200035137,CC Marche Occitane - Val d Anglin,11
245400262,CA Grand Longwy Agglomération,11
245300223,CC du Pays de Meslay-Grez,11
241300417,CA d Arles-Crau-Camargue-Montagnette,11
242010130,CC du Sartenais Valinco Taravo,11
200066637,CC Hautes Terres Communauté,11
200071678,CA Agglomération du Choletais,11
200070431,CC Saint-Marcellin Vercors Isère Communauté,11
200069664,CC Meuse Rognon,11
200073013,CC Carnelle Pays-de-France,11
246700959,CC du Pays de la Zorn,11
246700926,CC du Pays de Wissembourg,11
240200493,CC du Pays du Vermandois,11
200066389,CA Saint-Lô Agglo,11
245804406,CA de Nevers,11
200069649,CC Chalosse Tursan,11
200066108,CC des Portes de Meuse,11
200068377,CC de la Porte des Vosges Méridionales,10
242900769,CA Concarneau Cornouaille Agglomération,10
248400160,CC Aygues-Ouvèze en Provence (CCAOP),10
200027183,CU Perpignan Méditerranée Métropole,10
200027027,CC Arc Sud Bretagne,10
200073393,CC des Rives du Haut Allier,10
200067114,CA de l Auxerrois,10
200066801,CC Isigny-Omaha Intercom,10
200044253,CC du Bassin de Joinville en Champagne,10
200066041,CC Sundgau,10
200071785,CA Chauny-Tergnier-La Fère,10
243600236,CC du Pays d Issoudun,10
243600327,CA Châteauroux Métropole,10
200068997,CA Arlysère,10
244301016,CC des Sucs,10
240200444,CC de la Thiérache du Centre,10
200069730,CC des 4 rivières,10
200069698,CC Mâconnais - Tournugeois,10
200072452,CA Fougères Agglomération,10
200067676,CC Canaux et Forêts en Gâtinais,10
246900740,CC du Pays Mornantais (COPAMO),10
242000503,CC Celavu-Prunelli,10
247000011,CA de Vesoul,10
200041622,CC Ardennes Thiérache,10
200041689,CC Vals de Saintonge Communauté,10
200069433,CC de Vezouze en Piémont,10
200070761,CC Ambert Livradois Forez,10
200070167,CC Terres de Perche,10
242100410,Dijon Métropole,10
243301215,CC du Créonnais,10
200039055,CC Ouche et Montagne,10
247700644,CC l Orée de la Brie,10
200039709,CC du Serein,10
200039022,CA Vitré Communauté,10
243301355,CC Les Coteaux Bordelais,10
200071074,CC Les Portes de l Ile de France,10
248900383,CC de l Agglomération Migennoise,10
249740093,CA Intercommunale de la Réunion Est (CIREST),10
200071371,CC Bresse et Saône,10
249500489,CC du Haut Val d Oise,10
243200417,CC de la Tenarèze,9
200040178,CC de l Outre-Forêt,9
200040400,CC du Périgord Ribéracois,9
200043495,CA du Pays de Laon,9
243100567,CC Lauragais Revel Sorezois,9
243100633,CA du Sicoval,9
200030385,CA de Blois Agglopolys,9
200070647,CA Bergeracoise,9
245400189,CC des Pays du Sel et du Vermois,9
244900882,CC Baugeois Vallée,9
247300668,CC du Lac d Aiguebelette (CCLA),9
200040772,CC du Perche et Haut Vendômois,9
200067627,CC Billom Communauté,9
200073427,CC Marches du Velay-Rochebaron,9
246701064,CC de la Région de Molsheim-Mutzig,9
200069086,CC Leff Armor Communauté,9
247200132,CU Le Mans Métropole,9
242101491,CC du Montbardois,9
244200614,CC des Vals d Aix et Isable,9
245300447,CC du Pays de Château-Gontier,9
200070746,CA Sarreguemines Confluences,9
200070068,CC Communauté Bray-Eawy,9
246900765,CC du Pays de l Ozon,9
248500589,CA La Roche-sur-Yon Agglomération,9
200013050,CC Sauer-Pechelbronn,9
200034882,CC Pays du Mont-Blanc,9
243500550,CC Montfort Communauté,9
200067064,CC Decazeville Communauté,9
243600202,CC Chabris - Pays de Bazelle,9
240200519,CC du Canton d Oulchy-le-Château,9
240200501,CC du Val de l Aisne,9
200067890,CC Morvan Sommets et Grands Lacs,9
241800374,CC La Septaine,9
200066132,CC du Pays de Stenay et du Val Dunois,9
245501242,CC du Pays d Étain,9
200068500,CA de Cambrai,9
200067635,CA Clisson Sèvre et Maine Agglo,9
200067759,CC Vallées et Plateau d Ardenne,9
200067940,CC Couserans-Pyrénées,9
249710062,CA du Nord Basse-Terre,9
200000628,CC Rhône Lez Provence,8
200034098,CC des Montagnes du Giffre,8
200033868,CC des Ballons des Hautes-Vosges,8
245700398,CC de Freyming-Merlebach,8
200066009,CA Mulhouse Alsace Agglomération,8
200067932,CA Golfe du Morbihan - Vannes Agglomération,8
241700434,CA de La Rochelle,8
245100615,CC de la Grande Vallée de la Marne,8
248500464,CC du Pays de Pouzauges,8
248400293,CA des Sorgues du Comtat,8
249500430,CC Sausseron Impressionnistes,8
248400335,CC Vaison Ventoux,8
243200425,CC Cœur d Astarac en Gascogne,8
200041440,CC de Domme-Villefranche du Périgord,8
200056380,CA Plaine Vallée,8
200071140,CA Moulins Communauté,8
247600646,CC Caux - Austreberthe,8
200049484,CC Berry Grand Sud,8
247300528,CC Val Guiers,8
200040715,Grenoble-Alpes-Métropole,8
243500618,CC Brocéliande Communauté,8
200066819,CC du Volvestre,8
200085728,CC Brioude Sud Auvergne,8
200068880,CC Champagne Boischauts,8
241400555,CC de Bayeux Intercom,8
241500255,CC du Pays Gentiane,8
240100750,CA du Pays de Gex,8
240200469,CC du Pays de la Serre,8
200073112,CC Sud Sarthe,8
200072999,CC du Grand Langres,8
246900724,CC des Vallons du Lyonnais (CCVL),8
244301099,CC Auzon Communauté,8
246000582,CC des Sablons,8
244400503,CC d Erdre et Gesvres,8
244400586,CC du Sud Estuaire,8
200096634,CC des Hautes Vosges,8
200096675,CC Baud Communauté,8
200068542,CC Les Balcons du Dauphiné,8
246900757,CC de la Vallée du Garon (CCVG),8
200070712,CC Thiers Dore et Montagne,8
241501139,CC du Pays de Salers,8
244500211,CC Giennoises,8
200071504,CC des Collines du Perche Normand,8
200071843,CC du Vexin Normand,8
245200597,CC des Trois Forêts,8
200017846,CA Étampois Sud Essonne,7
200006930,CC du Haut Allier,7
200040244,CA du Bocage Bressuirais,7
200041861,CC du Triangle Vert,7
200040442,CA Luberon Monts de Vaucluse,7
248400236,CC Pays d Orange en Provence,7
249730037,CC de l Ouest Guyanais,7
243301223,CC du Grand Cubzaguais,7
200000925,CC de la Plaine Dijonnaise,7
246701098,CC du Pays de Niederbronn-les-Bains,7
247000706,CC du Pays Riolais,7
247104094,CC Sud Côte Chalonnaise,7
247103864,CC de Semur-en-Brionnais,7
242000495,CC de l Alta Rocca,7
247100639,CC de Marcigny,7
246500482,CC de la Haute-Bigorre,7
246600449,CC des Aspres,7
246000848,CC de la Picardie Verte,7
200072668,CC Touraine Val de Vienne,7
200070530,CC du Grand Autunois Morvan,7
200072718,CC de la Champagne Conlinoise et du Pays de Sillé,7
200071850,CC du Pithiverais-Gâtinais,7
247000664,CC du Pays de Lure,7
200044014,CC Creuse Grand Sud,7
200059392,CC Bièvre Isère,7
200070282,CC Lavalette Tude Dronne,7
200070944,CC du Vimeu,7
200068112,CC du Pays de Saverne,7
200069094,CC Isle et Crempse en Périgord,7
200068872,CC Éguzon - Argenton - Vallée de la Creuse,7
200070688,CC Couesnon Marches de Bretagne,7
242400752,CC Périgord-Limousin,7
200055481,CC Beauce Val de Loire,7
200044048,CC Osartis Marquion,7
240800847,CC des Portes du Luxembourg,7
240700617,CC Val de Ligne,7
246700843,CC de la Basse-Zorn,7
200066058,CA Saint-Louis Agglomération,7
246700744,CC des Portes de Rosheim,7
200066876,CA de Châlons-en-Champagne,7
240200576,CC de la Champagne Picarde,7
243900560,CC Jura Nord,7
245701271,CC du Pays Orne Moselle,7
245614383,CC Questembert Communauté,7
200066140,CC de l Aire à l Argonne,7
200067437,CA Provence-Alpes-Agglomération,7
246700488,Eurométropole de Strasbourg,7
243500782,CA du Pays de Saint Malo Agglomération,7
200066793,CA du Grand Annecy,7
240500439,CC du Briançonnais,7
200066892,CC de Vendeuvre-Soulaines,7
247700701,CC Brie Nangissienne,7
247700032,CC Moret Seine et Loing,7
200066728,CC Vallées de l Orne et de l Odon,7
249500513,CC du Vexin-Val de Seine,7
242900314,Brest Métropole,7
243000585,CC Beaucaire Terre d Argence,7
200070571,CC Cœur de Berry,7
200071025,CC Haute-Provence-Pays de Banon,7
200071389,CC Saint-Pourçain Sioule Limagne,7
200072023,CC Cœur de Charente,7
200071900,CC Vendée Grand Littoral,7
200010650,CA du Grand Dole,7
200023737,CA du Grand Cahors,7
200000438,CC du Pays de Pontchâteau Saint-Gildas-des-Bois,7
249000241,CC du Sud Territoire,7
247900798,CC du Thouarsais,6
248719312,CU Limoges Métropole,6
200023620,CC de la Gascogne Toulousaine,6
200039949,CC Rives de Moselle,6
200036549,CC Val de Gray,6
247400617,CC des Vallées de Thônes,6
200035632,CC Armagnac Adour,6
200018653,CA Cap Excellence,6
243200409,CC du Bas Armagnac,6
200067841,CC de l Alsace Bossue,6
241200187,CA Rodez Agglomération,6
240900464,CC du Pays d Olmes,6
200068005,CC de l Oise Picarde,6
200068047,CA Creil Sud Oise,6
200067197,CC Monts d Arrée Communauté,6
200067502,CA Saint-Avold Synergie,6
200066975,CC Senlis Sud Oise,6
200066678,CC de la Châtaigneraie Cantalienne,6
243000650,CC Terre de Camargue,6
242700607,CC du Pays du Neubourg,6
200035855,CC Castelnaudary Lauragais Audois,6
200035848,CC du Châtillonnais en Berry,6
200030435,CC d Aire-sur-l Adour,6
200034031,CC des Monts d Alban et du Villefranchois,6
245804497,CC du Nivernais Bourbonnais,6
244800470,CC du Gévaudan,6
200070100,CC du Val de Sully,6
200070126,CC Seine et Aube,6
200070043,CC Vienne et Gartempe,6
200070985,CC de l Est de la Somme,6
200070795,CC du Pays de Trie et du Magnoac,6
200070738,CC Mad et Moselle,6
200069516,CC Seulles Terre et Mer,6
200069441,CC du Pays de Bitche,6
246800551,CC de la Vallée de Kaysersberg,6
246800577,CC du Pays de Ribeauvillé,6
243301447,CC Médoc Estuaire,6
200043404,CC du Sud Avesnois,6
200060010,CA Mauges Communauté,6
200065563,CC Normandie-Cabourg-Pays d Auge,6
249730045,CA du Centre Littoral,6
200006716,CC du Nogentais,6
200069763,CC du Haut-Poitou,6
244300307,CC du Pays de Montfaucon,6
200096683,CC Centre Morbihan Communauté,6
246000376,CC du Clermontois,6
244301131,CC Loire et Semène,6
200068914,CC La Rochefoucauld porte du Périgord,6
200068963,CC Maine Cœur de Sarthe,6
242401024,CC Isle-Loue-Auvézère en Périgord,6
200072734,CC Estuaire et Sillon,6
242101459,CC du Pays d Alésia et de la Seine,6
241200542,CC du Réquistanais,6
200066405,CC Roumois Seine,6
200048551,CC du Pays de Craon,6
246000897,CC de la Plaine d Estrées,6
248300410,CC de la Vallée du Gapeau,6
244701405,CC Lot et Tolzac,6
241700517,CC Cœur de Saintonge,5
200067379,CC Côtes de Champagne et Val de Saulx,5
241800424,CC du Dunois,5
245501184,CC du Pays de Revigny-sur-Ornain,5
200067783,CC de Hanau-La Petite Pierre,5
243500659,CC Pays de Châteaugiron Communauté,5
242700276,CC du Pays de Conches,5
200035814,CA Flers Agglo,5
240700716,CC du Val d Ay,5
249720061,CA du Centre de la Martinique,5
246100663,CU d Alençon,5
243801255,CC Collines Isère Nord Communauté,5
244000543,CC de Mimizan,5
200067791,CA Pays Foix-Varilhes,5
244900809,CC Anjou Bleu Communauté,5
200018406,CC du Romorantinais et du Monestois,5
200027308,CC d Auberive Vingeanne et Montsaugeonnais,5
248600447,CC du Pays Loudunais,5
248600413,CA Grand Châtellerault,5
200023794,CC de Blaye,5
200071207,CC de Pouilly-en-Auxois/Bligny-sur-Ouche,5
200023125,CC Les Portes Briardes entre Villes et Forêts,5
200072049,CC de Charente Limousine,5
245400510,CC du Pays de Colombey et du Sud Toulois,5
200070555,CC de la Veyle,5
200071967,CC Pays d Évian Vallée d Abondance,5
200040095,CC Isle Vern Salembre en Périgord,5
200035970,CC Vexin Centre,5
200040111,CC Cœur de Chartreuse,5
243600301,CC Val de l Indre - Brenne,5
200067668,CC de la Cléry, du Betz et de l Ouanne,5
244700464,CC du Pays de Lauzun,5
244701355,CC des Coteaux et Landes de Gascogne,5
244100798,CC du Grand Chambord,5
244301107,CC du Haut-Lignon,5
200068807,CC du Bassin Auterivain Haut-Garonnais,5
200069060,CC des Vosges du Sud,5
200072304,CC Vallée de l Ubaye - Serre-Ponçon,5
200068831,CC Pays Ségali Communauté,5
200066033,CC Sud Alsace Largue,5
200066165,CC Val de Meuse - Voie Sacrée,5
242600534,CC du Diois,5
200072825,CC Mirebellois et Fontenois,5
200072650,CC Touraine Vallée de l Indre,5
200069151,CC Gorges Causses Cévennes,5
200069193,CC de la Dombes,5
200044469,CC du Pays de Mirepoix,5
241400860,CC Cœur de Nacre,5
200068088,CC Les Bertranges,5
200070753,CA Riom Limagne et Volcans,5
200070365,CC Corbières Salanque Méditerranée,5
200070332,CC des Savoir-Faire,5
200069425,CA Mont-Saint-Michel-Normandie,5
200059871,CC du Centre-Ouest,5
200042414,CC Bresse Revermont 71,5
200041994,CC Haut Val de Sèvre,5
200041507,CA La Riviera du Levant,5
246900575,CC de l Est Lyonnais (CCEL),5
243100773,CC Val Aïgo,5
243200458,CC du Grand Armagnac,5
248500415,CC du Pays de la Châtaigneraie,5
249500455,CC de la Vallée de l Oise et des Trois Forêts,5
248500563,CC Vendée, Sèvre, Autise,4
247300361,CC du Canton de La Chambre,4
200040137,CC des Lacs de Champagne,4
200040830,CC du Pays de Fénelon,4
244500468,Orléans Métropole,4
240100610,CC de la Côtière à Montluel,4
244400453,CC Pays de Blain Communauté,4
241000223,CC Forêts, Lacs, Terres en Champagne,4
244000824,CC du Pays Grenadois,4
200072700,CC Haute Sarthe Alpes Mancelles,4
243600343,CC Cœur de Brenne,4
241600303,CC du Rouillacais,4
244400644,CA de la Région Nazairienne et de l Estuaire (CARENE),4
244400537,CC de Nozay,4
244400610,CA de la Presqu île de Guérande Atlantique (Cap Atlantique),4
241200625,CC du Pays Rignacois,4
242600492,CC Dieulefit-Bourdeaux,4
243500774,CC Liffré-Cormier Communauté,4
243800604,CA Porte de l Isère (CAPI),4
241800457,CC FerCher,4
240200592,CC du Chemin des Dames,4
243700820,CC Autour de Chenonceaux Bléré-Val de Cher,4
200041051,CC Vallée de la Dordogne et Forêt Bessède,4
200040475,CC LBN Communauté,4
200040384,CC Isle Double Landais,4
244301123,CC des Pays de Cayres et de Pradelles,4
244400438,CC Grand Lieu Communauté,4
244100806,CC de la Sologne des Rivières,4
244600532,CC du Pays de Lalbenque-Limogne,4
244600573,CC du Causse de Labastide-Murat,4
200070803,CC des Coteaux du Val d Arros,4
200067866,CC Sèvre et Loire,4
200068450,CC Argentan Intercom,4
200034130,CC Gally Mauldre,4
248400319,CC du Pays des Sorgues et des Monts de Vaucluse,4
200035764,CC de la Beauce Loirétaine,4
200033298,CC des Coëvrons,4
200068799,CC Intercom de la Vire au Noireau,4
243300811,CC de l Estuaire,4
200070183,CC des Terres du Val de Loire,4
200069102,CC Randon - Margeride,4
200044618,CA Douaisis Agglo,4
245900428,CU de Dunkerque,4
245801063,CC Loire et Allier,4
245901038,CC du Pays Solesmois,4
246000707,CC du Vexin-Thelle,4
200069110,CA du Grand Chambéry,4
200060473,CC du Sud,4
246700967,CC de Sélestat,4
247000755,CC du Pays de Luxeuil,4
247000722,CC du Pays d Héricourt,4
247000854,CC des 1000 étangs,4
200049187,CA du Grand Verdun,4
242020071,CC du Centre Corse,4
243200508,CC Bastides et Vallons du Gers,4
200035707,CC Piège Lauragais Malepère,4
200039063,CC Forêts, Seine et Suzon,4
200067486,CC Bouzonvillois-Trois Frontières,4
200067593,CC Marche et Combraille en Aquitaine,4
200066561,CC Sidobre Vals et Plateaux,4
200066868,CC Presqu île de Crozon-Aulne maritime,4
200067304,CC Serein et Armance,4
200067924,CC du Canton d Erstein,4
200043123,CC Auray Quiberon Terre Atlantique,4
200072064,CC Val-de-Cher-Controis,4
200065589,CC Val ès Dunes,4
200072726,CC Châteaubriant-Derval,4
240500462,CC du Pays des Ecrins,3
241501089,CC Cère et Goul en Carladès,3
244500484,CC de la Forêt,3
200073161,CC Touraine-Est Vallées,3
244000808,CA Mont de Marsan Agglomération,3
241200906,CC Larzac et Vallées,3
247200686,CC du Pays de l Huisne Sarthoise,3
200007177,CC Pays de Nérondes,3
200000545,CC des Portes de Romilly-sur-Seine,3
247400690,CC du Genevois,3
249740119,CA Intercommunale du Nord de la Réunion (CINOR),3
240300491,CC du Pays de Lapalisse,3
244000881,CC Coteaux et Vallées des Luys,3
244000659,CC du Seignanx,3
200041317,CA du Niortais,3
200043982,CC du Bazadais,3
241500230,CA du Bassin d Aurillac,3
200043602,CC des Albères, de la Côte Vermeille et de l Illibéris,3
200040764,CC du Sud Corse,3
247600729,CC Falaises du Talou,3
247300262,CC de Yenne,3
200042190,CA de la Porte du Hainaut,3
242900645,CC Douarnenez Communauté,3
243300563,CA Bassin d Arcachon Sud (COBAS),3
249720053,CA de l Espace Sud de la Martinique,3
248900748,CC du Gâtinais en Bourgogne,3
242900553,CC du Pays des Abers,3
242900660,CC du Pays Fouesnantais,3
241900133,CC de Ventadour - Egletons - Monédières,3
200035533,CC du Grand Saint-Émilionnais,3
200067742,CC Serre-Ponçon,3
200068435,CC Cœur du Perche,3
200067908,CC Amognes Cœur du Nivernais,3
246600399,CC Pyrénées Cerdagne,3
200034197,CC de Montaigne Montravel et Gurson,3
200030633,CA du Caudrésis et du Catésis,3
200034957,CC du Frontonnais,3
242101442,CC de Saulieu,3
200070894,CC de Gevrey-Chambertin et de Nuits-Saint-Georges,3
200070902,CC Auxonne Pontailler Val de Saône,3
200069748,CC Val de Gâtine,3
200069524,CC Pré-Bocage Intercom,3
200067023,CC Coutances Mer et Bocage,3
200066280,CC du Pithiverais,3
245901152,CC Cœur d Ostrevent,3
245501176,CC du Territoire de Fresnes-en-Woëvre,3
200055887,CC Mayenne Communauté,3
245701404,CC du Pays Haut Val d Alzette,3
247200348,CC du Pays Fléchois,3
200071512,CC Commentry Montmarault Néris Communauté,3
200072981,CC Touraine Ouest Val de Loire,3
200071173,CC du Pays Arnay Liernais,3
200043016,CC Val de Charente,3
200043065,CC du Val d Amboise,3
200034718,CC de Vitry, Champagne et Der,3
200068484,CC des Causses à l Aubrac,3
241200765,CC de Lévézou Pareloup,3
241200914,CC de la Muse et des Raspes du Tarn,3
200035756,CC Astarac Arros en Gascogne,3
200035723,CC Ventoux Sud,3
246300966,CC du Massif du Sancy,3
200066017,CC Lieuvin Pays d Auge,3
246600464,CC Pyrénées catalanes,3
200033116,CC Cluses-Arve et Montagnes,3
200018521,CC du Val de Bouzanne,2
200027076,CC Arnon Boischaut Cher,2
244500203,CA Montargoise et Rives du Loing (AME),2
243600293,CC Levroux Boischaut Champagne,2
241501055,CC Sumène - Artense,2
241200674,CC du Plateau de Montbazens,2
241800432,CC Les Trois Provinces,2
243901089,CC de la Plaine Jurassienne,2
243800935,CC Lyon Saint Exupéry en Dauphiné,2
243801073,CC de Bièvre Est,2
200041010,CC Cœur de Savoie,2
200041416,CC Airvaudais-Val du Thouet,2
200026573,CC Haut-Jura Saint-Claude,2
200023919,CC Gâtinais Val de Loing,2
200027548,CC des Savanes,2
247300817,CC Les Versants d Aime,2
247400682,CC du Haut-Chablais,2
247600604,CC de Londinières,2
200036069,CC du Pays de Mortagne au Perche,2
247300015,CC des Vallées d Aigueblanche,2
247300676,CC Porte de Maurienne,2
200040293,CC du Clunisois,2
244500419,CC des Quatre Vallées,2
244500427,CC des Loges,2
200070548,CC Brionnais Sud Bourgogne,2
240400440,CC Pays Forcalquier et Montagne de Lure,2
244000774,CC du Pays de Villeneuve en Armagnac Landais,2
200090579,CC Terre d Émeraude Communauté,2
240100800,CC de Miribel et du Plateau,2
244000675,CA du Grand Dax,2
244200820,CC du Pays d Urfé,2
244100293,CC des Collines du Perche,2
200072692,CC des Vallées de la Braye et de l Anille,2
244000865,CC Maremne Adour Côte Sud,2
200044691,CA du Nord Grande Terre,2
246000129,CC du Liancourtois,2
200069185,CC des Terres d Apcher-Margeride-Aubrac,2
200066231,CC des Portes d Ariège Pyrénées,2
200072080,CC du Pays de Saint-Éloy,2
200071777,CC d Arcis, Mailly, Ramerupt,2
244500542,CC de la Plaine du Nord Loiret,2
244600433,CC de la Vallée du Lot et du Vignoble,2
200071041,CC du Chaourçois et du Val d Armance,2
200071033,CC Jabron-Lure-Vançon-Durance,2
200071215,CC Chavanon Combrailles et Volcans,2
200071496,CC du Bocage Bourbonnais,2
200042604,CC de Granville, Terre et Mer,2
247103765,CC Entre Saône et Grosne,2
200043438,CC de la Moivre à la Coole,2
200043263,CC Cœur de l Avesnois,2
245700372,CA de Forbach Porte de France,2
200042703,CC de l Argonne Champenoise,2
246800585,CC de la Vallée de Munster,2
247000698,CC des Monts de Gy,2
246301097,CC Entre Dore et Allier,2
246300701,Clermont Auvergne Métropole,2
200069912,CC des Forêts du Perche,2
245700695,CC de Cattenom et Environs,2
245701362,CA Portes de France-Thionville,2
245701354,CC de l Arc Mosellan,2
200069623,CC Champagnole Nozeroy Jura,2
200069755,CC Mellois en Poitou,2
246600415,CC Roussillon-Conflent,2
200029999,CC Rives de l Ain - Pays du Cerdon,2
248500340,CC Pays de Chantonnay,2
200068674,CA Grand Lac,2
200066744,CC Haute-Corrèze Communauté,2
200066645,CC Vézère-Monédières-Millesources,2
200068146,CC Sarrebourg Moselle Sud,2
200068443,CC Andaine - Passais,2
200032514,CC Berry-Loire-Vauvise,2
243301181,CC Latitude Nord Gironde,2
242400935,CC du Pays de Saint-Aulaye,2
242504116,CC du Val de Morteau,2
200035541,CC des Landes d Armagnac,2
200035111,CC des Sources de l Orne,2
200036135,CC Cœur de France,2
242100154,CC des Vallées de la Tille et de l Ignon,2
243100732,CC des Coteaux du Girou,2
242900793,CC Communauté Lesneven Côte des Légendes,2
243301504,CA du Bassin d Arcachon Nord,2
241927243,CC du Pays d Uzerche,2
248719353,CC des Portes de Vassivière,2
248700189,CC du Pays de Saint-Yrieix,2
248900664,CC de la Vanne et du Pays d Othe,2
249710047,CC de Marie-Galante,2
248900524,CC de l Aillantais en Bourgogne,1
242900074,CC du Pays d Iroise,1
242900710,CC du Haut Pays Bigouden,1
243301165,CC Jalle-Eau-Bourde,1
243301371,CC du Pays Foyen,1
243301405,CC du Val de l Eyre,1
242320109,CC du Pays Dunois,1
242504181,CC des Portes du Haut-Doubs,1
242504371,CC du Pays de Sancey-Belleherbe,1
200036465,CC de Thann-Cernay,1
200038990,CC de Saint-Méen Montauban,1
200039907,CC du Sud Messin,1
200034825,CA du Grand Guéret,1
200034874,CC Côtes de Meuse Woëvre,1
200035103,CC de la Vallée de la Haute Sarthe,1
200035327,CC Cazals-Salviac,1
200029734,CC des 4B Sud Charente,1
200034049,CC Centre Tarn,1
248100745,CC Thoré Montagne Noire,1
248400285,CC Territoriale Sud-Luberon,1
248500530,CC du Pays des Achards,1
200067825,CA Gap-Tallard-Durance,1
200067957,CC Haut Chemin-Pays de Pange,1
200067189,CC Creuse Sud Ouest,1
200067320,CC Serre-Ponçon Val d Avance,1
200067544,CC Creuse Confluence,1
200067551,CA Thonon Agglomération,1
200067072,CC Haut-Léon Communauté,1
200070910,CC Tille et Venelle,1
200070035,CC du Civraisien en Poitou,1
200070340,CC Haute Maurienne Vanoise,1
200070464,CC Cœur de Maurienne Arvan,1
200069631,CC Terres de Chalosse,1
200069656,CC Cœur Haute Lande,1
200068856,CC des Hauts du Perche,1
200069169,CC Dômes Sancy Artense,1
200068096,CC Champsaur-Valgaudemar,1
200066157,CC de Commercy - Void - Vaucouleurs,1
200066553,CC des Monts de Lacaune et de la Montagne du Haut Languedoc,1
246800395,CC du Val d Argent,1
246800676,CC de la Vallée de la Doller et du Soultzbach,1
247100647,CC Bresse Nord Intercom ,1
200042935,CA Haut - Bugey Agglomération,1
200042992,CC Perthois-Bocage et Der,1
200043354,CC de Villedieu Intercom,1
200072882,CC de Vie et Boulogne,1
200071645,CC Saint Cyr Mère Boitier entre Charolais et Mâconnais,1
200071751,CA du Bassin de Bourg-en-Bresse,1
200071082,CA Montluçon Communauté,1
200071199,CC Plaine Limagne,1
200071520,CC Domfront Tinchebray Interco,1
200071546,CC Sud Retz Atlantique,1
244600482,CC Quercy - Bouriane,1
244700449,CC du Pays de Duras,1
245500327,CC du Sammiellois,1
200070720,CC Médoc Atlantique,1
240300558,CC du Pays de Tronçais,1
240300566,CC du Val de Cher,1
200073237,CC de Gâtine-Racan,1
200072098,CC Combrailles Sioule et Morge,1
200072684,CC Le Gesnois Bilurien,1
242504496,CC du Plateau de Frasne et du Val du Drugeon (CFD),1
241200658,CC du Pays de Salars,1
241200807,CC Aveyron Bas Ségala Viaur,1
241500271,CC du Pays de Mauriac,1
241700632,CC de Gémozac et de la Saintonge Viticole,1
241700640,CA Royan Atlantique,1
243500725,CC Côte d Émeraude,1
243500733,CC Bretagne Romantique,1
243600350,CC de la Châtre et Sainte-Sévère,1
243700499,CC du Castelrenaudais,1
243900479,CC Haut-Jura Arcade Communauté,1
200043628,CC des Vallées du Clain,1
200041325,CC du Pays Rhénan,1
200040350,CC Bugey Sud,1
200040426,CC du Val de l Oise,1
200040657,CC de la Matheysine,1
247300452,CC Maurienne Galibier,1
247400666,CC des Quatre Rivières,1
247400773,CC des Sources du Lac d Annecy,1
248500621,CC du Pays des Herbiers,1
249730052,CC de l Est Guyanais,1
200023372,CC de la Vallée de Chamonix-Mont-Blanc,1
200006682,CA Beaune, Côte et Sud - Communauté Beaune-Chagny-Nolay,1
200005932,CC des Portes de Sologne,1
200023299,CC Cœur de Tarentaise,1
200023075,CC du Pays de Maîche,1
